EAR,MAR,Head_Tilt,Label
0.3021373520236639,0.17807362217773223,-0.535957735,0
0.31395982266057787,0.18325645953468492,-0.26249811,0
0.30328802980464165,0.13567989815653375,-0.8682989,0
0.31590878871964956,0.11050521051701603,-0.298015531,0
0.30952337069091196,0.13433098277034694,-0.808537854,0
0.3021233804988348,0.07455857243225848,-0.513377208,0
0.2771817525784124,0.03862319214052602,-1.176163425,0
0.29064147761498316,0.008083250563071302,-1.436662258,0
0.29967585069293734,0.005401473195541964,-1.255973617,0
0.29220746208572945,0.01860001523773476,-1.531721687,0
0.3017277823333815,0.01550025505686716,-1.44742502,0
0.310472208297585,0.006125133102413439,-1.431332289,0
0.3065075273527213,0.008983148848173356,-1.481604561,0
0.29367146177779313,0.013622557389521303,-1.244756069,0
0.11384474858217578,0.009198280779700762,-1.367173559,0
0.27549566357515004,0.033739106701081725,-1.569605291,0
0.28260800392464547,0.03604507018904468,-1.519102003,0
0.2758813962446719,0.1850450468313765,-1.226174082,0
0.27777206506582763,0.22478535384084,-1.734635308,0
0.27845482443643665,0.2376204094851142,-1.993777199,0
0.2780989232362523,0.1877026202969278,-1.717364943,0
0.2897777375193712,0.04435923555441421,-1.641105013,0
0.2865431532669647,0.00787788556568737,-1.906228246,0
0.28305470184050735,0.009977396597795857,-1.6157878,0
0.30154950161209726,0.027616964076128698,-1.640071869,0
0.28515550222251185,0.018593553286480005,-1.568602793,0
0.2694317580569656,0.029695021678119615,-1.849988542,0
0.25717203648259074,0.009679173123894656,-2.230792681,0
0.2832207561387702,0.014635327430349397,-1.656979449,0
0.2840467494566848,0.010072651995172594,-2.088241567,0
0.29046914130351686,0.11370043303422461,-1.533355703,0
0.2946791421493852,0.010096292868630828,-1.487037107,0
0.29573163708910644,0.010900751890217797,-1.78748679,0
0.30449469807840723,0.009462125256366897,-2.175657922,0
0.29262786005203895,0.061759612625963495,-1.629340896,0
0.2942143850221265,0.012604838552994498,-2.153280818,0
0.2894637303444525,0.008747314633027428,-1.738159888,0
0.2854405011606129,0.0445012298932571,-1.966326653,0
0.29809983165986836,0.015114608525526173,-1.633034287,0
0.2943380556924009,0.01272986604965009,-1.846597434,0
0.29076963717822857,0.03452710982241777,-1.783136261,0
0.28201454812291493,0.0415055712586886,-1.858712647,0
0.2915598279636323,0.006641340849530497,-1.616875488,0
0.29478310333477536,0.005882157457672868,-1.720030699,0
0.2873885252073949,0.010479425828905523,-2.02487716,0
0.06205399074642097,0.03224037811680111,-1.672217899,0
0.25331659191646494,0.019891790124440787,-1.85263255,0
0.2660489256381123,0.019160710982280137,-1.896528995,0
0.26673592647621547,0.01418504222921155,-1.829692725,0
0.27333981338434776,0.010388058533565312,-1.728323095,0
0.2859731470848632,0.014964016279512823,-1.98377047,0
0.2808011570079777,0.16971597556666862,-2.052242445,0
0.2795317026895825,0.13571548185103122,-2.164073898,0
0.2925496100496263,0.14765050201517171,-1.915019676,0
0.28222428078947587,0.13202464646746565,-1.596225461,0
0.2871297728115496,0.14843557523776313,-2.215109628,0
0.289012341796933,0.1690422619894989,-1.808252582,0
0.2784648693344648,0.15211977911119423,-2.103312932,0
0.2806643027367988,0.1411514711888126,-1.983284591,0
0.28576330060062516,0.15213772897898148,-1.88755051,0
0.2848383394306504,0.1534804160230977,-1.920717697,0
0.2964205089574675,0.1632712027271104,-1.953171545,0
0.281942857504498,0.15066610757288015,-1.675844762,0
0.24664151966915318,0.11398459525619899,-2.374007185,0
0.271468269476307,0.16523164312272337,-2.08336587,0
0.278505703283359,0.15443848425683224,-2.234998753,0
0.29123761542464627,0.07985156286001703,-2.013722341,0
0.2936026324855785,0.11531153357460962,-2.023568741,0
0.28168327303336527,0.11142029064531654,-1.842668132,0
0.2945924430422934,0.07286520590251964,-1.7170617,0
0.2886860633436953,0.10151013796666976,-1.705331877,0
0.29901792969059854,0.09369595064774258,-1.200557084,0
0.29403483008005826,0.13845900074636447,-1.149837892,0
0.3019478509575499,0.07485416931433936,-1.45567965,0
0.29086353807684395,0.1259525227896713,-1.692414419,0
0.04276100726706148,0.07164514777626016,-1.570669594,0
0.22497697201573594,0.039299047932495675,-2.174872578,0
0.26791312992218363,0.11030204741569695,-1.80655078,0
0.27759694996109985,0.129012026160565,-1.526891419,0
0.28139713289783375,0.14113105820783822,-2.105981268,0
0.27016478207949884,0.048654065856270357,-1.878063535,0
0.2930631358022252,0.02838508292547495,-1.887032985,0
0.29061815300532395,0.061394722068380904,-1.851673062,0
0.28540358461739035,0.061668342992731336,-1.814730152,0
0.2845287671337401,0.08677128303587722,-1.765227972,0
0.1125378456623572,0.08707686063111597,-1.754831374,0
0.24702809808002757,0.043408962274400956,-1.812285942,0
0.2797750984232239,0.010165316262421184,-1.365103324,0
0.28026170349974566,0.0055470261155301905,-0.993027501,0
0.29546018135380214,0.006992081118178392,1.57805912014056,0
0.29761722911453714,0.001164991869150628,2.415386463679629,0
0.298066668702876,0.00447841902227573,2.0876611890210923,0
0.29591369223116926,0.0032379662154275444,1.6882423260204766,0
0.2973977057427746,0.007039115317407407,0.7652562766172569,0
0.29565296969418664,0.027639462604808616,-1.32723049,0
0.3106871728687731,0.006279661118487284,-2.65393093,0
0.29380144185967444,0.005966590080814554,-4.594433076,0
0.2918704626183414,0.011177906913393366,-5.493881528,0
0.2958434580930026,0.009894284685176962,-6.541120561,0
0.04876284430964883,0.04701520006895986,-6.286061527,0
0.27446649390718714,0.017752827430296703,-5.074634962,0
0.29271000824118854,0.10505435639051136,-5.426672212,0
0.2861953544192306,0.19010560027027654,-4.690245733,0
0.2808836460546006,0.10718673524322984,-4.867451473,0
0.28576245792499777,0.0806227079604867,-4.053425242,0
0.2931839694636341,0.012825343342933667,-4.135251852,0
0.2319106151655579,0.014803830964883507,-3.371431191,0
0.25158271359443485,0.010226232868464977,-3.374496058,0
0.29988716075905464,0.010402613179753715,-2.688057647,0
0.2917742142025791,0.03253621336947806,-2.776580892,0
0.2907548608398197,0.05026964263947612,-2.499001289,0
0.29479248155836224,0.008746520719351898,-2.681976708,0
0.29959972285593894,0.01575294993220693,-2.15335878,0
0.29087337955609593,0.007839083688508233,-1.852765224,1
0.2791492629108433,0.005885192666766912,-1.388638372,1
0.14263204528098403,0.006161234112239192,-1.166139548,1
0.16374760126258475,0.0071861918321967835,-0.91395498,1
0.11834267693838804,0.003623175475750053,-1.353697152,1
0.10784751038253648,0.006649512293116899,-0.916863139,1
0.10985205054240257,0.0024610480086224864,-1.12520297,1
0.10185105384178497,0.008402897242503612,-0.609607366,1
0.06992736339855761,0.004564417978692907,-1.475288778,1
0.0680517589024347,0.0037756727566359435,-1.145347558,1
0.0659715027199644,0.008835178681688243,-1.42302509,1
0.08988211658569101,0.012297047497565342,-1.141016085,1
0.08332917033675011,0.0027035634599164612,-1.472207499,1
0.08344434539065623,0.005963989296369929,-2.536871888,1
0.07955958224089205,0.01244224318804556,-1.87677219,1
0.048759809551910116,0.006933155212176542,-2.319052376,1
0.0583006057905843,0.012772920608758858,-2.398629305,1
0.04021749772280836,0.0035111080588690062,-2.338661709,1
0.03820800753644842,0.004890111242518781,-2.260739484,1
0.04299334599976776,0.010183947555678759,-2.014283058,1
0.0411528469886488,0.15092686158523788,-1.960038661,1
0.04024120543128379,0.07533607468958083,-2.363417919,1
0.03787379534690352,0.17379535541160096,-2.481001783,1
0.029108799202445555,0.22089526086875622,-2.006928662,1
0.02133902472121169,0.23434898983168886,-1.654702067,1
0.03532663913481176,0.24301481465972488,-1.036605402,1
0.029982945457460927,0.23132365804956373,-1.799288128,1
0.026124929925226283,0.2836623249613411,-1.949368535,1
0.036837536197932515,0.327674513398537,-1.696678649,1
0.023789289854647514,0.3650976874249441,-1.535405264,1
0.019907106212336212,0.37903302476426487,-1.273737352,1
0.013163634316428679,0.3896701751468088,-0.755388671,1
0.02350324985486715,0.4366554802587528,-1.269298228,1
0.0214615536726876,0.4285539139209247,-0.658930067,1
0.026958712858348215,0.3818077736595431,-0.727616266,1
0.016284911031506345,0.417149362808837,-1.150763288,1
0.04349578017316154,0.45028625643995396,-0.861479725,1
0.05873560122673599,0.44326124190585997,-1.091097718,1
0.25297061194027537,0.4376522496674159,-0.114129804,1
0.2338924935993329,0.45080560724775115,-0.14401011,1
0.12408596620408736,0.4297899560043414,-0.336183827,1
0.04033912850518591,0.3960474024373997,-0.308083118,1
0.05389178495107344,0.3812372079483139,-1.384738907,1
0.05122306705178699,0.303349411471168,-1.359344565,1
0.043623887598619876,0.2417727132236791,-1.422000629,1
0.06511072018809078,0.2112198594731613,-0.378114487,1
0.023626627285083964,0.06654891674768491,0.723358922098777,1
0.04125849951527438,0.0855749219044905,2.4596951646684415,1
0.053060418198056195,0.04918195150080204,4.8953129819376615,1
0.051628392589859226,0.015333312112569046,8.177751072211242,1
0.03579997480500026,0.05026437337681921,11.618197160809363,1
0.05261399360555402,0.03637800330109918,14.47497153080696,1
0.06720720269440245,0.009301944194759135,15.198191304455374,1
0.05446838415313937,0.01829103608527068,15.414714550729126,1
0.050193345333269995,0.014228864236084618,14.728094375658547,1
0.10533076647367924,0.048049993457674564,16.61486849945818,1
0.06561941778935329,0.017990106596958176,20.592731329739117,1
0.07326798383172975,0.017626717244216716,24.37250150885544,1
0.10868688701210324,0.0020712257490430046,27.207250295649636,1
0.071096990070075,0.0059215190199354735,27.09301086238957,1
0.14396204705147225,0.02131691461113967,27.21879646378397,1
0.10526772820630817,0.003652143388488786,27.01408266574956,1
0.11106439737879595,0.006162387329897244,28.262333255251413,1
0.11119331282542233,0.009515465521247005,27.978061766431882,1
0.16262664978592337,0.005918869940479991,29.296728473640805,1
0.18816778430292663,0.009128707469406316,32.776970577651646,1
0.14674123969045458,0.006244942836249313,33.08053290616613,1
0.18689144272069652,0.006404335643911916,33.49959498458799,1
0.2189980024224077,0.0164298843150851,33.55766979053789,1
0.2407457705161665,0.004317419272560315,33.3964320061066,1
0.19011195874239448,0.007978224137209946,32.880051610639235,1
0.2156605086404072,0.009474427316378072,33.53580288031402,1
0.20253382103572054,0.0017394548628275382,34.27110949515426,1
0.18226811647621258,0.0117877676522754,33.0995843648714,1
0.15682592212633986,0.009163105111556732,31.089673633866347,1
0.16256319479453837,0.01168058622193655,30.326438182936673,1
0.14207210356097152,0.006821359984201327,30.59638341658405,1
0.15617651457448878,0.0025525453579288864,29.8399476757294,1
0.14929399103794821,0.0024655547101730215,26.640010018237625,1
0.14339844963037263,0.006099094249704854,21.02034187607471,1
0.10703249700755987,0.0147254868602349,14.188251937943294,1
0.11608566750402848,0.002558582299805289,11.022497680798281,1
0.06413192605577481,0.003803987656886155,7.227168328635793,1
0.16363702197371754,0.005976233102456558,1.8864199343493497,1
0.25181241656358533,0.005900299925736885,-0.831929843,1
0.2276676405043382,0.008285778318448796,-1.099770087,1
0.1462661787835951,0.01581932428759157,-2.725438576,1
0.14687644092899418,0.0011312744961467093,-3.265136912,1
0.09775945493786217,0.0006839987479164193,-3.612146193,1
0.10255704584147583,0.013429624744868881,-3.655879059,1
0.05894894830224867,0.006211021458236738,-3.516874105,1
0.08334155599410945,0.021439579995095912,-3.517935521,1
0.07847754802340726,0.001784700843386697,-2.372121904,1
0.08103102076788854,0.024481167689263672,-1.432399337,1
0.06895955002922458,0.005375885878726044,-3.369989706,1
0.1911272232677309,0.016174442164451876,-2.735342726,1
0.16681406479386574,0.010492148704162148,-2.762428328,1
0.19071637587781415,0.008129474600567793,-2.961469972,1
0.17522344885083024,0.0041824243378391435,-3.354089261,1
0.16246531894308436,0.0046298524002118795,-3.042673489,1
0.1691142360171025,0.01378072210453731,-2.271720293,1
0.10523075162942541,0.008301094763638418,-3.386355462,1
0.053663146798480825,0.008217657885043252,-3.950570347,1
0.08399809298411078,0.006013458781131988,-3.021410827,1
0.05582130210899462,0.0070817752001757816,-2.941878355,1
0.07916499519809157,0.008313241713581342,-3.284085369,1
0.0629697167683339,0.004999882146531672,-2.634224632,1
0.05424956912447711,0.01182521081696833,-2.481080259,1
0.055853655041210995,0.017531609770853954,-3.679224897,1
0.05076402464897379,0.13148180765487,-3.058642913,1
0.051119285628805675,0.3244515955249757,-3.935780596,1
0.02692950385731337,0.3845622357660628,-4.326532261,1
0.06215791915742417,0.4247587249655737,-3.647844111,1
0.035084326255830245,0.4636266777030847,-3.856175161,1
0.030402064126097014,0.49924482361203426,-4.682371745,1
0.01984452414191321,0.45148490516264816,-4.97915502,1
0.022979059131966583,0.526663511800086,-5.764029119,1
0.013393480798540235,0.5557366966996464,-4.985971612,1
0.026650991095799794,0.5850666011731616,-5.430660564,1
0.024864191207492364,0.6253376097569983,-5.9187087,1
0.010591716067695938,0.6536755234510772,-5.451858153,1
0.025298953652674303,0.6012461611903319,-5.210282167,1
0.03433052547321609,0.42218427598567937,-5.887845665,1
0.029224205008371924,0.5636948018865449,-6.560925789,1
0.053249320674652365,0.2847960662775158,-5.6489202,1
0.03965334140232256,0.14832394953234745,-6.307006303,1
0.023976676358117607,0.18677346534906214,-6.674340384,1
0.06307185643880026,0.19306518888381696,-7.758748148,1
0.03256090318708796,0.22527184701636332,-6.69688009,1
0.05562998906521436,0.4748634951100244,-6.341935095,1
0.0383223113829107,0.5723091166950377,-5.459574931,1
0.03919507574547727,0.4672727316998107,-5.989646955,1
0.03321598705333664,0.3393644794120999,-5.702668525,1
0.03507030877818758,0.21736951429799836,-4.648140584,1
0.03929553497373811,0.1840719801142053,-5.06823388,1
0.07081448951679889,0.16847413769681288,-5.373623229,1
0.11099670537849307,0.16598064144165578,-4.75932076,1
0.11307536863166018,0.1534045956806932,-4.805135491,1
0.10779976132901115,0.15779135028628805,-3.851881762,1
0.04165783732643199,0.18281414337370333,-4.59453817,1
0.05173154146042831,0.179730270383676,-5.254738736,1
0.03533444065175044,0.4026462253054442,-5.016898877,1
0.04435064331133834,0.48886597837449147,-4.593841095,1
0.02303806675082138,0.5282426285360539,-5.205961962,1
0.04670768832103486,0.5856754475224568,-4.976839474,1
0.028270871396003316,0.5458901974444315,-4.640620238,1
0.040712134671115716,0.5398350141441735,-4.915840984,1
0.03296724817897901,0.3858608160266357,-4.372983136,1
0.031252070381041046,0.4398100412253386,-3.698872293,1
0.09425933282299989,0.30971503141495044,-3.191042685,1
0.07748183571171562,0.2305333703557301,-3.388899539,1
0.06954641824601406,0.20135922574127815,-1.722856023,1
0.05115927362686459,0.15021383715351785,-2.358831569,1
0.07422151779447587,0.13512360530464573,-2.899214291,1
0.05549628903412938,0.03854119645399935,-3.94773507,1
0.04945834198854397,0.09384083325669905,-4.380979854,1
0.0483939768882731,0.11265709644248016,-5.300267083,1
0.06371489431438501,0.04871763450706052,-4.814413428,1
0.34005547199629027,0.026194627839248467,0.6021027230392406,0
0.3161006099024317,0.015768954744055194,-0.360526235,0
0.335025700006001,0.012191933339283513,0.6107575208902148,0
0.3258180617837339,0.01028002091966772,0.03354408108335332,0
0.31499827620541887,0.01078027540710284,0.2225708956047023,0
0.33324146957160433,0.009734102387043598,0.40198024405754806,0
0.25742484779264374,0.016251527087436223,0.25627062789299593,0
0.3145218439811804,0.019005594505028197,0.04134061949439843,0
0.3308491191985732,0.007959111169917446,-0.230261915,0
0.33012480154789725,0.010176619513424863,-0.06544391,0
0.28340253720250175,0.1594793463495712,-1.706740365,0
0.2866730526618678,0.13488550390182535,-1.216934676,0
0.2819980204736411,0.1180856543152938,-0.34005715,0
0.2947050317559261,0.07576146931420201,-0.069637143,0
0.28093076133671646,0.12395470085986122,0.1040184198172423,0
0.3029249997049117,0.15795175152820962,0.08921193411280355,0
0.2928486824459764,0.1515099907806746,-0.066433028,0
0.2941429355397385,0.1954679193328331,-0.009408106,0
0.29806766026645504,0.01045661487868602,0.47422916853076125,0
0.2815216784085042,0.28597878912056546,0.27682292073615866,0
0.2810742980418814,0.21313168612291214,0.03795011861960463,0
0.29955525850149756,0.19357875932391844,0.08321245123639644,0
0.2960330849175896,0.21278489902295636,0.9481989627230899,0
0.29912824794669146,0.2117068557364383,1.371139313035495,0
0.29943502085583584,0.2224886771702316,1.4322709293925915,0
0.28858229154927395,0.18689642533803963,1.8883937723459732,0
0.27767778196819415,0.1344700928310468,1.4681582349533542,0
0.28760928904921557,0.17490805196061837,1.24597100921957,0
0.30274364303465984,0.1575212847068826,1.4802084865452434,0
0.29925869402907074,0.15872669135936307,1.5712603670592815,0
0.2892584244529365,0.16322356037987742,1.7330118587821366,0
0.29704479801531686,0.1447174922933405,1.7283579570413066,0
0.30150469217778997,0.14130390028327466,1.6909909928815208,0
0.2960825493462871,0.12136791955461511,1.2852800780805675,0
0.2580988634044857,0.1315461469210904,1.6174819128076416,0
0.26535335511044555,0.13775968392729285,1.5200306156278636,0
0.29551113310408744,0.21937773968762608,1.7658466016905978,0
0.2663432839713462,0.19407569443530207,1.540762335024468,0
0.28547997356764443,0.11018460224830033,1.283931970804519,1
0.2765308861971302,0.10387695969021918,-0.096605056,1
0.28568594113362955,0.10824500587320869,-1.397642819,1
0.306217303073658,0.12453339080581115,-0.840394191,1
0.28951643505081515,0.09600015745990155,-2.272009795,1
0.10417411632976428,0.12083736365350209,-2.178994445,1
0.05143401709468892,0.012457904169611268,-3.683094936,1
0.08413667324430835,0.21319145427108563,-3.556444558,1
0.08767014641224632,0.19048364261996986,-3.965582346,1
0.05394106469643153,0.20295295541040814,-8.604303068,1
0.10831500664162551,0.22451504068453018,-10.56833483,1
0.14455297975015255,0.20698648597826702,-9.406149508,1
0.1857105074364472,0.17196351628473688,-9.500474921,1
0.07033092468629701,0.1111755385576651,-9.401365469,1
0.08166776158588354,0.0940753677551114,-9.539036721,1
0.06954362152858397,0.09948548722009065,-9.621728876,1
0.058231210324021065,0.09790900489499905,-9.37976851,1
0.06813325391201454,0.08874040384853522,-9.738322621,1
0.07684880630487458,0.17741710963534593,-9.995530189,1
0.051477855994967174,0.1683086923456693,-9.132705224,1
0.06808580978848278,0.14166644559237213,-8.843508873,1
0.09068527619176345,0.1369972805571328,-15.301165,1
0.13588245806806065,0.10255039737636111,-33.80841234,1
0.12871017001936702,0.05438704059544519,-46.65673906,1
0.15278598491912476,0.11890309688560334,-51.10251061,1
0.13096655522664175,0.05436809550617537,-53.48068658,1
0.11517633184328813,0.12007237684930168,-52.982227,1
0.10458011069473308,0.052176481875367615,-53.13626945,1
0.10120483252316541,0.05398574290763936,-52.86934587,1
0.09772478075595478,0.06246137978137615,-53.38265026,1
0.08904632964076899,0.1057933121144144,-52.60425475,1
0.10579453719511328,0.10988114711300617,-54.04590692,1
0.08838566545229493,0.11571207600342845,-52.86356698,1
0.11775098194368352,0.12621712398175372,-53.63036046,1
0.1083058746661528,0.11499230260940192,-53.1951836,1
0.12449360305364307,0.044841804688026426,-53.53292524,1
0.13679654790233703,0.5050736905016638,-53.06026777,1
0.12971577285550445,0.6023971208609215,-51.97847215,1
0.13383842946467533,0.6367353623095585,-50.59987543,1
0.13224781079151995,0.6644845290944923,-50.63764963,1
0.15340924630183353,0.6946477250309917,-50.65368237,1
0.14181748178934778,0.624540086475256,-50.70401719,1
0.13669061619740946,0.5940648069577644,-50.16458253,1
0.12408890156079976,0.494176695428226,-49.2269585,1
0.1123218744953394,0.2036624102316228,-49.77997667,1
0.09553077076039092,0.04367991459390793,-51.54404854,1
0.13432785842031403,0.020237317296422412,-50.72107248,1
0.08364637414815004,0.02300295383452117,-49.18546657,1
0.10413781871267355,0.08086375216828968,-50.09140683,1
0.1165628588338257,0.05271866541625703,-50.27529019,1
0.10781654625729756,0.07452401288536069,-49.91755578,1
0.06850338373486697,0.08853957260533868,-49.38803253,1
0.10132572956519613,0.013807992043638903,-48.47294718,1
0.08341935886466051,0.011534116970124927,-50.12757429,1
0.13852965468744552,0.011220511563451612,-55.66745306,1
0.13867515518382387,0.008477252880503832,-68.38574873,1
0.1477148848480001,0.017140762799930043,-72.85716986,1
0.13859935095836007,0.17865295942673334,-69.89983965,1
0.08470651761657125,0.0909847689945586,-71.87204511,1
0.14681160289513268,0.006866993860730536,-69.01393699,1
0.11387552424731877,0.0034999885955857932,-63.33372147,1
0.14146584888883917,0.00757435468674299,-58.6098844,1
0.16849353127611313,0.014337501937250249,-60.02227114,1
0.1282582147048169,0.00886012915521482,-61.00122329,1
0.10103721677300276,0.004931086929987424,-60.31592009,1
0.1223316622714125,0.009824132374147171,-60.82069755,1
0.11715079903026575,0.010626039658333846,-59.90321963,1
0.13026581765272788,0.011177023857397876,-59.64945543,1
0.13692160300633,0.010488862463572763,-59.87490379,1
0.09398806926755723,0.007876321777704818,-59.27142074,1
0.11378919378456123,0.005322042628683511,-58.86481907,1
0.12118375047555707,0.010364413068998784,-57.61837072,1
0.0744227175324392,0.005610515787359687,-53.45750857,1
0.05920614410033085,0.013750751945535286,-41.98646426,1
0.05079468998715769,0.01640666425233542,-29.94973122,1
0.07745445482956746,0.015121804690512743,-24.78276762,1
0.08411560937716665,0.004827925599729247,-21.15168959,1
0.08032128688750072,0.005008728616729069,-20.16604118,1
0.09110386967087786,0.002377193777426133,-20.08099694,1
0.07072006989549204,0.009016657622768298,-19.01804177,1
0.10012274232073333,0.015287104158209814,-18.00211574,1
0.12202927856907571,0.05091759658150926,-15.76179957,1
0.14931645886793646,0.25391951047231115,-9.752046825,1
0.3019191142786706,0.1513880190724535,14.583790029119461,1
0.1764478927944309,0.11934401690853859,-3.994581791,1
0.12456227589878852,0.21678591282923435,-11.65829802,1
0.12286690103370868,0.2086214490684295,-17.99319055,1
0.12007737200049577,0.20203435702855752,-17.33882849,1
0.10307227685560302,0.1859009109518733,-16.91456015,1
0.09805024383664793,0.24366438514133062,-15.68435031,1
0.10655781208054849,0.24136847237853198,-11.70987527,1
0.1473644504345205,0.2142522530676974,-8.554431459,1
0.17855141496051036,0.22395246248576386,-7.792388459,1
0.19122131383237853,0.21409202180911957,-8.937245283,1
0.17592315757318738,0.2460623668304287,-7.202114272,1
0.17656408370469515,0.24288736437180403,-4.30795585,1
0.1519618658681341,0.2585369357855949,-3.473780346,1
0.1393982240065761,0.2366433107141028,-2.864495175,1
0.21812938732435472,0.2531807517524813,-2.166134055,1
0.23986131298749042,0.23372434070550474,-1.897337659,1
0.23687704224000944,0.2564284281224849,-2.650390644,1
0.10676600667473152,0.21106661693002515,-2.636129893,1
0.1122617889775519,0.22876913316400213,-2.451417221,1
0.10214271317840351,0.24148112838248828,-2.455542321,1
0.099755031484318,0.24564008565226592,0.02075347904647339,1
0.1137630209046331,0.2792908248173959,0.18956023030861247,1
0.1087742335542993,0.3232406580384565,-1.476593777,1
0.0929533437337266,0.2480569254651924,-3.533612318,1
0.0449584074283126,0.25406711725797076,-2.749314194,1
0.08412890164056142,0.21767918020507565,-1.423700721,1
0.052452693124579994,0.22550826320461864,-2.955809975,1
0.04521572597649874,0.22748064229598394,-3.018508992,1
0.0913169250642771,0.27362923390827243,15.631709719528038,1
0.16276751111004378,0.11816713076190268,39.85062441732389,1
0.09000579721596622,0.2856572865443538,50.609950034371195,1
0.09539093302740322,0.2808280865873585,52.010953766808896,1
0.13514724057263056,0.21946163487342005,51.27773147454586,1
0.07807738881278822,0.24596621872832397,49.23907274475889,1
0.09864328116823959,0.2501667121684044,46.88838659269391,1
0.14192179355578205,0.2382210009178112,45.58942870044147,1
0.09890390104932628,0.07473249904184787,47.78366969598589,1
0.10397641284836406,0.11745801156944839,49.921160270848524,1
0.13517760826735603,0.012585098110569572,48.29084285001832,1
0.12825287904961197,0.016411878866399044,44.997632243277025,1
0.08738669810993463,0.004595405081336262,43.27981166761921,1
0.06143000335064476,0.00736805369905248,44.02020655090869,1
0.07589214638730792,0.009980077240004511,44.26042192670403,1
0.10336643376314514,0.003654283200044703,44.32218166404122,1
0.09717668283607317,0.008868263695979154,43.34445697080321,1
0.11549135625790806,0.009607495685278137,43.30740822017675,1
0.10700789031772376,0.025861804759652256,42.52063046721351,1
0.11468125993546223,0.2258520778959512,43.228376427571085,1
0.1361507649181663,0.44016339033493207,42.365835545516134,1
0.11753280713307979,0.4304503565943614,43.75211831442104,1
0.1090765701955987,0.4477598626619667,43.8586862674297,1
0.10381359339955717,0.4389195690093677,44.70647691696897,1
0.09151859473760224,0.37724143291795964,44.59027449585319,1
0.09056823829803956,0.37914306231666123,44.38102229599861,1
0.08373888927622175,0.34056140193225687,44.80840252269568,1
0.07050702079935667,0.33534637605685674,44.37205056298306,1
0.11574476296942585,0.4270896506050733,44.56149147254642,1
0.15512756636248284,0.5894567486339387,43.619298804156216,1
0.14687081247243663,0.736049083426529,39.58117232201406,1
0.14063528165316386,0.7879566137806862,37.99684466031328,1
0.12364806258061943,0.8508063470632675,34.53837822704994,1
0.11914029992706524,0.8357033728095901,31.762430604339123,1
0.13634514161986924,0.9027175020913465,29.56603850311405,1
0.16084203956582957,0.974886640186133,27.63569885417199,1
0.1686077598049417,0.9528816354474662,27.673614594201958,1
0.14434243208556596,0.6804855796551563,25.614794612410126,1
0.114728949343605,0.26786984361893,23.350770489776707,1
0.04601747266186766,0.02262089420494553,19.26946968924013,1
0.07078968790083334,0.02211953540534319,17.652960540728337,1
0.07799932529164948,0.03914257738413549,17.190617568272415,1
0.10236645851741191,0.06021896827423729,14.771044707909871,1
0.09567002184369375,0.16924255635811863,11.994529577929093,1
0.07977851162342817,0.21965339227828518,10.14126508008175,1
0.07494375495491959,0.015440421419088333,9.878957985164146,1
0.08672596882776276,0.047138728416156184,9.240234124715442,1
0.09198018488271992,0.05654098994462023,8.434041840853794,1
0.11008512973236118,0.17768965829445127,6.251292672965753,1
0.11299104384680844,0.1643128313736879,5.074321074590382,1
0.11714532015231938,0.20230247023355774,4.48183959023596,1
0.2654480469973677,0.0086883887184055,-2.829416092,1
0.26748384229280764,0.010123777007803711,-2.275972949,1
0.26525507105533214,0.007306581493385495,-1.932625337,1
0.10821082316997087,0.01703427180537526,-0.349631678,1
0.08474574955224451,0.015231817615732713,0.8416015433910112,1
0.06376072767428768,0.009185897375314106,0.8209350815378641,1
0.06517890816856327,0.006620789226811455,1.835267612365207,1
0.05155558897547155,0.0066635444768824844,1.9650636807050443,1
0.06386707811194428,0.0072787621086166905,2.0425784557044366,1
0.07189941939195259,0.007002984407069986,3.323513401882648,1
0.07960542776263849,0.010058314422436277,3.6343497944394074,1
0.058370711197074265,0.008479913023544311,6.1900852915171765,1
0.08486847807853287,0.008563919682385757,9.067827570084269,1
0.0703950089541526,0.006698046935017208,13.975261157445008,1
0.09881044374380116,0.0030621140006526705,16.211882386670265,1
0.09575699758841823,0.0028982545288870278,20.49544828983185,1
0.09031809602557031,0.0014562561820688543,23.15945510294393,1
0.14578157965714222,0.007545647139739785,29.421999166078425,1
0.10399742765408329,0.0056862947879149665,27.614291016740665,1
0.1232022777618823,0.00540953534881463,29.664858458236562,1
0.13451580129306856,0.005158223253822443,29.642489508936084,1
0.12508326555219398,0.004366708881439924,28.889477977190772,1
0.10319435169913593,0.00529813874690276,29.827943277179187,1
0.11100747231781136,0.005555158831390568,29.98306580712042,1
0.11555422543083324,0.007255156580117976,29.85527797933222,1
0.11042783170764706,0.036383294787028155,30.50869762015114,1
0.14439682898201384,0.024892970476059064,29.220421636822344,1
0.12126520949951347,0.07235292303540643,30.56256359336113,1
0.1345162101002324,0.1319321320093612,31.349032586622236,1
0.16089197827259843,0.24561563829466973,32.12358609903848,1
0.1392462361813416,0.3823892408540782,31.850664381765796,1
0.13510722137262812,0.3554619328462269,31.583170902382005,1
0.19546963051754856,0.3790449663288979,31.009962421051657,1
0.1591972221175585,0.5554475674575938,31.562145941015554,1
0.1125733776795853,0.4331704738880261,32.403681556694195,1
0.1739614719975345,0.14214968070889136,32.09342466073503,1
0.20938595705092766,0.12486966966515553,32.044685679623115,1
0.1859989497938549,0.3866129634377521,31.11988741230147,1
0.16689914864712624,0.5695343014942404,30.420294949908374,1
0.1573683149274916,0.19464395949956742,26.820173559241585,1
0.23132766306163755,0.10689003580786512,22.9582012649514,1
0.22797315719034994,0.12136121063963796,18.22540077126818,1
0.24984019725012546,0.27674686025562095,16.1186998915183,1
0.2671040340927875,0.5980758774007974,16.66379045978918,1
0.25554509800027264,0.4020568794337503,17.970921309721845,1
0.25309273051201725,0.11576143885927204,18.99050495211502,1
0.22082231481579484,0.013129201857175444,21.85315347463685,1
0.27498474668655104,0.010160525183645555,22.571010228739684,1
0.28395451724992404,0.10494338286284016,22.0633553076824,1
0.28807797825593984,0.11801278921086282,24.3329674298032,1
0.29616802531464775,0.1204561657340219,25.088652777769628,1
0.22931333503500184,0.11720497806312338,22.554535455047326,1
0.21425223578197933,0.11883512736588166,22.495628632331623,1
0.17339749507315083,0.11766530518559189,21.80596832488552,1
0.19312624934331607,0.12430783081907916,19.594183618818285,1
0.22043616860313933,0.12212454925239172,15.931928602872906,1
0.22040955453332584,0.10645881220375925,12.995607260887532,1
0.22027049118987702,0.13048898299434109,11.663334928689157,1
0.23457672041980832,0.13576070906357632,7.088039430967202,1
0.23220866896951117,0.10123155722615473,4.8843630447531075,1
0.22711438662239547,0.07650904946909097,0.45512693959962114,1
0.23560810255242226,0.13325745004835562,-1.45721089,1
0.23869819750300264,0.029498100398983616,-3.070021844,1
0.3324876296241449,0.0024286585429718,-5.158950926,0
0.3417157231261372,0.002543672314547951,-3.850815379,0
0.3400943307334298,0.005175897126172998,-3.469065204,0
0.3388124568024428,0.001435747401597351,-3.736342797,0
0.3390095054902077,0.004390892604011216,-3.677455923,0
0.3355740336326873,0.006098799463288589,-3.272275185,0
0.33377085024473657,0.0032431929330734507,-2.936587712,0
0.3379688089865428,0.0037592478565722,-2.64573274,0
0.3518756247059629,0.0025037163117891735,-1.686652547,0
0.28845403670452874,0.11097049990983261,-1.503774287,0
0.28523152142115105,0.184870849320453,-0.617502039,0
0.27999808930055736,0.19664041458395315,-0.502547063,0
0.292235648507452,0.0847244563590032,0.02802976597651442,0
0.305917520827001,0.2768545328676461,-0.21557299,0
0.3272673187231193,0.19497368727718517,0.503165022363735,0
0.3102667820655485,0.2119967268027366,-0.119350572,0
0.07544273440150814,0.1616374088976145,-0.163844954,0
0.08910372857154118,0.17110265108933498,0.5318490134475243,1
0.09901574347939754,0.16328986102253065,0.4603042515196857,1
0.07100448641880464,0.12740275030395123,0.6547408904564369,1
0.06961635034827936,0.1183016409963911,0.9320259823485241,1
0.09672331840960341,0.12260063446577425,0.5374806772633675,1
0.09533652599513703,0.08429528128856904,1.4592229611515772,1
0.1200266017807162,0.007922828890650041,1.9831426825921976,1
0.07917358786925,0.013073101780468697,0.6157886918915579,1
0.08255021479367275,0.03635446287633163,1.3148200412970403,1
0.0949613219636516,0.053687025284570256,0.053314840731914774,1
0.08065755916597747,0.02466736456237931,0.7500647777869652,1
0.0835605099314087,0.012604904994870877,0.7786355475083476,1
0.08627371025346045,0.008649946331613432,1.3411407832738058,1
0.08572757194270124,0.006829573258920556,1.0292359900122343,1
0.09024840907386214,0.007300144229585592,1.1274068321994406,1
0.08757404360090709,0.0016477374975867357,0.9518626849830194,1
0.07455122351742201,0.004580250710270948,0.6967942350529793,1
0.10039824546879823,0.0024303925857541136,1.0755431627818588,1
0.09489593239175032,0.002970336267385478,1.437821386569136,1
0.08217264877841593,0.008461716270393908,1.7479308106901332,1
0.09147643601614229,0.006823321193171795,2.281003220612615,1
0.0792044638817622,0.003969847792241073,1.843308454474128,1
0.08624341363553462,0.003027525255188596,0.8956885095094714,1
0.07860203768682986,0.0022220052305398116,1.6648598486205688,1
0.06931841078438024,0.001649204037005861,1.2968943877630925,1
0.1672856140586138,0.001435509655463812,1.70859884693186,1
0.21805195097600405,0.0008460734873667248,1.8396708868757121,1
0.3428355757601255,0.0005437867817341992,1.4335980819027816,1
0.36572501814583736,0.0012608154405060782,1.5566185310226643,1
0.32597035001100594,0.011765009389068323,-3.286037019,0
0.3323342779929618,0.015143161840501731,-3.078217978,0
0.33113719539582487,0.017311790286627656,-2.961522859,0
0.33938420055400825,0.011306652801001632,-2.741337205,0
0.34335590322188125,0.011131061974288231,-2.367757815,0
0.31503919673363523,0.01202063219461452,-2.152702023,0
0.34993519143523255,0.011821352136443745,-1.509138423,0
0.3457383647155622,0.0074065348964474295,-1.458038481,0
0.3421041489726846,0.012229476449354789,-1.535881124,0
0.33643144949254555,0.011641045050887115,-1.529958394,0
0.10773660805410976,0.03310341320058777,-2.702442021,0
0.2817156559266155,0.16345964034440708,-1.317901665,0
0.29218647625366007,0.11039852215208247,-1.189035545,0
0.30281122669078825,0.13917595676512495,-0.689424055,0
0.3062143609253545,0.06213886295523088,-0.150855719,0
0.29809796625205964,0.08529734854675274,0.5265703195279202,0
0.28740064961999223,0.0733515438302185,1.4265648837981264,0
0.309327366510886,0.17686614107661391,2.2604675876658487,0
0.3087527019964302,0.28009941577930497,1.5499457961147869,0
0.30149577913505415,0.2930881049436536,1.9034100788692914,0
0.29587859101802877,0.23928691918297967,1.5907588630064937,0
0.30760734559214364,0.09677342683163993,2.405570365585141,0
0.307774100276317,0.11727985812087574,2.032139795482019,0
0.32202594220419023,0.06740551377946785,2.224823831544089,0
0.31314693564605767,0.0747394073463119,2.379677270257055,0
0.31457786237550645,0.03838075035640023,2.4083964679332577,0
0.30380757470334,0.02256449810791767,2.040452870218162,0
0.3049937214629157,0.006773431912177353,2.3554540035885068,0
0.23830029978892167,0.009200082344444029,1.4364456670576422,0
0.3211242073562729,0.01025578903545348,1.5045550348846057,0
0.327338739958552,0.015449374730991918,1.371272217754099,0
0.3205207603793181,0.00957952905559575,1.2387458313382511,0
0.31115587143717416,0.009065719327797721,1.3404343043381202,0
0.320886006925778,0.009205739467995095,1.4335934077418506,0
0.31357843242195904,0.010573354649563799,2.0025496771289255,0
0.2909584332099303,0.010761200003731212,1.3306598057746024,0
0.31453667426063364,0.014879876510130712,1.1791187549804796,0
0.29482988427691736,0.01868325691425603,1.1015585591647288,0
0.3167194627818709,0.03146413969246616,1.1371070724321874,0
0.3225258578628344,0.013176900815016159,1.5005810162894042,0
0.3041487340409632,0.02912508242929209,1.7083683310122357,0
0.3264246722712868,0.023801336969921795,0.5503897443218635,0
0.33448715095779813,0.015130437563940995,-0.37256317,0
0.34227280189197185,0.021668074204578995,-0.88231431,0
0.33247770091452256,0.025765210152267848,-1.02265953,0
0.33635257463025414,0.021761445834774355,-1.327057062,0
0.33452907132217424,0.05470992507036835,-1.749610301,0
0.33139153953098743,0.028711826453570715,-0.899166556,0
0.34934890739924696,0.014438877927257673,-1.026094075,0
0.3247114051569118,0.01294406116160103,-0.146180738,0
0.33956885672104287,0.025985166665353165,-0.395616419,0
0.318365639478422,0.012552077033449814,-0.082605414,0
0.316830141464929,0.010392700252172935,-1.101082372,0
0.3212443979668014,0.011639689611317047,-1.846380497,0
0.3336816372476867,0.011725808483469003,-1.908830103,0
0.19934834706801258,0.011717889990795191,-2.812563323,0
0.318559733361127,0.015652615589646545,-2.328976065,0
0.3138103776951756,0.007096066443336827,-2.929577168,0
0.31600440319474554,0.012401764003076703,-2.418821074,0
0.32532768188223604,0.009530859402342735,-2.492883566,0
0.3273933467805091,0.00701948507923837,-2.447434454,0
0.1483888179362597,0.010796574505961741,-3.301976276,0
0.2678163729793136,0.004774491286149058,-2.778694773,0
0.2979526433879979,0.011073175725955994,-3.088932287,0
0.30300271236438436,0.012860457171676146,-4.200726713,0
0.32295451898135186,0.011696168314853747,-4.633974817,0
0.31554793365071965,0.017557185192936465,-2.542050826,0
0.30295789504635295,0.026234565428544174,-1.056389142,0
0.31505422042036624,0.02863276470513509,-0.744423267,0
0.3347967895855217,0.018124713559564257,-0.303426624,0
0.3343806240660735,0.01979352415066478,0.02196317934856218,0
0.33482940871444683,0.026601197498897316,0.5733579943150925,0
0.3323134631971807,0.02040675548727189,3.635360661778135,0
0.3593177753979079,0.01913359354446037,5.320706122739534,0
0.3629729802752742,0.022091897736752977,5.077447455875596,0
0.340985507697404,0.012735452784308548,4.040732005468614,0
0.3653546574281514,0.02494918716909618,4.050169046563841,0
0.21348384893369327,0.025609303291111853,2.84541201303521,0
0.3728124102442309,0.008953763394416446,5.900320028426293,0
0.7656607488628184,0.06265857820573643,6.580129304904877,0
0.6578325708051375,0.07050090560063896,8.38001645401658,0
0.7693991004304407,0.033607015688519405,5.168594686588771,0
0.7236266537300048,0.027332589485965477,4.488181241954144,0
0.6572221944560168,0.02490647566734604,9.492460090026082,0
0.8819086765258397,0.05950361422880828,4.7326589797007275,0
0.2882865623940567,0.020669191503298233,6.910232592516273,0
0.28386027599533714,0.020828248745021698,-0.335473217,0
0.3155612192288689,0.015048688881621211,-1.481939261,0
0.33165121510618034,0.021529285569246652,-1.934649129,0
0.32772031844667354,0.006715900728746568,-2.342259203,0
0.34868232911020136,0.00958568680281177,-2.196846558,0
0.34784458910000954,0.011426790955405535,-1.175995507,0
0.3527665309717577,0.009679452293931185,-0.328296528,0
0.3514601579774187,0.010566488353149826,0.6251851540108525,0
0.3507189837432602,0.008861198791588023,0.03789211335796373,0
0.344372635682897,0.012187823581915202,-0.448356855,0
0.3476936849564647,0.008434207967504083,-0.224561332,0
0.3469183282739869,0.00812272222243764,-0.503966817,0
0.40691338599199744,0.028611381552415518,-1.129952737,0
0.42614814342652624,0.03257548294696883,-0.512319841,0
0.42056019286025675,0.028916608881069655,0.3073907801188498,0
0.4199758176622802,0.020584534921779925,1.063977545944261,0
0.4091407505251424,0.025006802791641348,1.1782289031636686,0
0.2793325103497081,0.02223951765692618,0.8676580524765438,0
0.3437064606218809,0.020999842257010286,0.4790064970751407,0
0.3409632644402495,0.020611771445093147,0.19895625387903196,0
0.3857500334388705,0.015233817536960471,-1.150583157,0
0.40257326020916445,0.021625810240609403,-1.473174055,0
0.4041839716518697,0.020854526972483075,-1.074719777,0
0.40584492462117605,0.027101767559674528,-1.171748489,0
0.392401050721995,0.020921356203919647,-0.674489874,0
0.3971822290191755,0.022911239470490476,0.5492995305904074,0
0.39177262795994894,0.02749787946540742,0.2369491639594809,0
0.40408472546206253,0.025949049703830784,0.3384160639145479,0
0.4019006556453375,0.027211124651716715,-0.257557825,0
0.39589287806159346,0.03558051409374661,-0.009461131,0
0.2883248579810066,0.0195743627579905,-0.203374695,0
0.3045044212834491,0.01561761521757657,-0.801875838,0
0.326288283700113,0.01629614964664686,-0.922179822,0
0.3221314884465162,0.014330492745872806,-1.666906288,0
0.32951664676274306,0.016000736004039964,-1.833991913,0
0.21157532089507713,0.01799903086107809,-2.582840825,0
0.2082900234517875,0.011198784066121355,-1.438415166,0
0.23305119367355448,0.010406770177586176,-0.876723177,0
0.23617986533015412,0.010485853857284401,-1.034737093,0
0.2362765006543839,0.009077991537478312,-1.149202237,0
0.23658860572605495,0.012831382629834449,-1.84817602,0
0.21304652694765674,0.011339371974026773,-1.754593178,0
0.22119129786431405,0.009508090517167,-2.284110952,0
0.15769191924167467,0.011425354260376646,-2.271267942,0
0.30533392079464505,0.014531874624908426,-1.416468827,0
0.317148185110798,0.013112583756308853,-1.499764938,0
0.31948426008060427,0.007198202585781789,-2.06940843,0
0.3116867678356244,0.011524899289335044,-2.775401636,0
0.3194639003467139,0.011941666127345433,-3.040499062,0
0.34090583323991047,0.006079025470719846,-2.430005352,0
0.33068148176630363,0.012917251463297986,-1.808539751,0
0.3272882668341539,0.010504542496408436,-1.360164181,0
0.2570347557152409,0.01237399374993128,-1.334852371,0
0.32761946023165334,0.012949245130983554,-0.907613307,0
0.3316076641737619,0.01540112164374864,-0.542990172,0
0.3206595906002827,0.011434299009130441,-0.794728738,0
0.3147459512786671,0.015064948850685704,-0.765948896,0
0.3302115956474727,0.0147673273243767,-0.421613822,0
0.32048652602078775,0.018266997498673332,-0.400011566,0
0.32952844496763434,0.01843944587535957,0.02334281850108457,0
0.32001808719406977,0.013346093731723272,0.11234258177552255,0
0.31158418778097996,0.09572072099507875,0.13629877504125262,0
0.30640226582163343,0.18261801218122745,-0.008300815,0
0.3351100503157234,0.05517154805944287,-0.078007925,0
0.3156916033417303,0.005734705020380845,-0.028528745,0
0.32021191213130507,0.012503324108147555,0.08961198787018443,0
0.3091018520645685,0.002927505845726775,0.24967375662964944,0
0.31051076372845726,0.00849422091844827,0.016253392047916832,0
0.32000449874283365,0.005517723290510568,0.5212417586104338,0
0.3233226045226947,0.00615078554883708,0.03712135728000071,0
0.32150886101672327,0.015382629503732006,0.22318150045490534,0
0.30739620391129774,0.012505857001363006,0.19380005124805952,0
0.31837082012214823,0.014885784069984899,-0.188730265,0
0.3170461735566208,0.010871438303125544,0.03573982561155553,0
0.3271974888846443,0.013118476177445298,-0.004440311,0
0.32248874328248356,0.01043295355439515,-0.28327638,0
0.3207990976173733,0.009697193229968338,-0.786862417,0
0.3294503315237302,0.009518365550433066,-0.804674816,0
0.3303940971918765,0.016679394792404996,-0.032100917,0
0.31637151732420044,0.009299715429411076,0.1419655337304495,0
0.31912380572736765,0.013296526669334592,0.5198284483803062,0
0.31229192762015734,0.012377357006603048,-0.176329765,0
0.26671969743092705,0.015222445044613734,-0.612682277,0
0.3283557466899163,0.01969138202837355,-0.044729786,0
0.34617737811150606,0.018547049369277535,0.37759377939683686,0
0.34103314687960157,0.01670996731280534,0.3538195500206289,0
0.3468973171572297,0.017862881949350286,0.4432500825436287,0
0.35362472769633757,0.018235902028580827,0.48330971129768735,0
0.34820822979132227,0.021943794639662728,0.43291854691301396,0
0.3502113581559819,0.023383891726527488,0.9268411809345438,0
0.3504640159729888,0.017633653435688904,1.1444596169475867,0
0.3545044232703205,0.018088508597275902,1.499573311675416,0
0.34814313763396615,0.01775656002209049,1.2579828480375335,0
0.35288888131162144,0.021161635142587926,1.0285976613991756,0
0.3494732090320959,0.013279250516082433,1.6787285232353906,0
0.35226726100567624,0.019217965298389806,1.3355364396738836,0
0.354696205617247,0.020045673982946065,1.4991024487877882,0
0.35329913474324803,0.01317798577727972,1.2224660795966036,0
0.3436897151217039,0.019919439737015668,1.4793836426817393,0
0.12895874422779177,0.016311672703750318,-0.001203812,0
0.2587601588217645,0.011643421807509383,0.7497028370427147,0
0.30678235076164356,0.012956221362551036,0.8133796621138039,0
0.3155305482856,0.013344083272172765,0.42956144060821955,0
0.3223031268900566,0.0156535018075364,0.4186974429239616,0
0.33509186034174554,0.015368272405556199,0.8672030355226222,0
0.3747069571853934,0.015138244911091035,0.6889204177583884,0
0.37324026046390046,0.014334204359308773,0.9210348751432597,0
0.36839199433984976,0.013205763245683197,0.4594581517712456,0
0.37308747545773646,0.014494639474576847,0.47468699118320634,0
0.37594737232478054,0.013605789462384556,0.6528321005270674,0
0.37635703514663194,0.01606647648115492,0.9042592748284103,0
0.36983678419501154,0.02093841966611592,0.270737155482755,0
0.36269464216327585,0.01577950437240226,0.3426890591342641,0
0.3700916514141924,0.012358226312966219,0.11772248279254434,0
0.3691112107514243,0.01181063975648981,0.5989825088666779,0
0.373692138769942,0.01287995939971934,0.7156175066149402,0
0.3696023557325435,0.017419875210541873,0.9473614751252553,0
0.36772572111577667,0.01289559264608701,0.8341290481978126,0
0.37216090018492876,0.013377995991792997,0.8509916652975573,0
0.3774999777994106,0.014401065786763992,0.688206397312584,0
0.36102433376354154,0.01584928202291676,0.3637117508617283,0
0.3697050505395538,0.019098522518390126,-0.127614347,0
0.3759230656740662,0.013044240333386156,0.4065242674485722,0
0.366063321257174,0.01622050583115767,-0.015275702,0
0.35407493934274953,0.01624729050721548,0.19971279141091777,0
0.37109091957504314,0.018026345851204845,0.10691575747350361,0
0.357834908100807,0.00989153003247771,-0.193629394,0
0.3647876139672884,0.012941389677721531,0.16525478010267022,0
0.3629544417224271,0.013497553172742668,0.04510699671540006,0
0.3673276264835897,0.014825846271167835,0.05111208395775581,0
0.3676470504234916,0.015158407012421016,0.8909474694187441,0
0.10662020704369818,0.01022211233302291,-1.207538145,0
0.27648753438521134,0.01474363775203166,-0.584230556,0
0.2900045347303523,0.009914848891431592,-0.753923605,0
0.3076424218256891,0.00924631711861236,-1.259358696,0
0.314916707652785,0.010940933675818287,-1.573603658,0
0.3030211607660038,0.009293675546685691,-1.204544332,0
0.29149853111413027,0.005705898718109513,-0.888400216,0
0.30573690831746636,0.01029455428133356,-0.952190065,0
0.3172821091599993,0.01832043151113216,-0.816355128,0
0.3252968623705518,0.010652659316599252,-1.077006389,0
0.32214753708560506,0.015636668485020856,-0.800853626,0
0.32150000113054755,0.01432217726083744,-0.580734685,0
0.3059896086894841,0.017281734105540358,-0.808114418,0
0.3258383606225701,0.008806410019721177,-3.300956053,0
0.3223524419291204,0.007347413257871889,-3.900702953,0
0.17830576769766004,0.013252706442341508,-5.634256917,0
0.1380323005299112,0.19731594575141406,-6.481312315,0
0.2868084797520358,0.18562104036859964,-5.556811849,0
0.308216267918866,0.08593250946313966,-5.385526979,0
0.30227446030921623,0.01861185295748487,-5.963930247,0
0.33296681128266525,0.007622219292201809,-6.486663732,0
0.3310265385433008,0.01787953664534558,-6.460367474,0
0.0435977197631922,0.012603638391743853,-7.627197697,0
0.37534710338237126,0.010331934743517755,-8.809116114,0
0.34811302699383107,0.014719392696265663,-7.564028336,0
0.15255816999793015,0.01678615607478135,-9.456568044,0
0.3812378042739522,0.014609199415329182,-10.58558527,0
0.31381856812118014,0.0018881223520096876,-7.82543196,0
0.3140177621506597,0.004161118185687289,-4.393082196,0
0.3207953454458686,0.005162417178962127,-3.320351023,0
0.33796519417624327,0.005361952983557151,-1.198906732,0
0.3434903625015001,0.000515054823292704,-0.599909423,0
0.35305350887589104,0.010067127626252052,-0.114144257,0
0.34586934731818175,0.007475630387106828,0.2795026852411642,0
0.3483984691409741,0.0035830591423079445,0.2673280857175326,0
0.35834743734101904,0.008668689986493604,0.5725536427673455,0
0.3566928673470766,0.010894702746426154,1.168297878393534,0
0.3484198871630015,0.009547473427322225,1.0667702825359302,0
0.35492936263344893,0.006691607487283959,2.0035080138879975,0
0.34103458000898934,0.009104027705405922,1.9238027542365654,0
0.354298849172197,0.004299663126006112,1.9952776803254548,0
0.19694398661579077,0.005922118544283684,2.0287464665354022,0
0.30607880788879194,0.0048174245307363115,2.1656023680924856,0
0.3252864076318468,0.007695754080315372,1.932713785275804,0
0.327250039353122,0.006521719467347764,2.000059620604159,0
0.32260857003928467,0.002725796225826688,1.973545650542089,0
0.3458308359582188,0.008048649496699988,1.7228576105864133,0
0.31635379516281315,0.003272710541898898,1.8110280335785214,0
0.31794992453081483,0.009130777946299766,1.9435097978348437,0
0.33103694838855624,0.004787841169063583,2.2960886662632243,0
0.35342328784201416,0.0049018911896346155,1.9302281554164606,0
0.34976288299476604,0.005979949873663354,1.9904896005996282,0
0.3475033348932899,0.004901155679576586,1.4859898697670082,0
0.3540407151655945,0.005040294846065436,1.2808561028373269,0
0.358698177818912,0.0036485427868025986,1.2135246957999157,0
0.34287787069688547,0.008812390774255007,0.4465000146939511,0
0.34927217670054356,0.008192743077541456,0.48287473368971606,0
0.36341915380879053,0.010291483355055977,-0.196062687,0
0.3556371737230991,0.010306140658050631,-0.510311211,0
0.35371703905355034,0.00946141350245595,-0.405351592,0
0.36493522493720915,0.008758488505834234,-0.369261319,0
0.36226558912753515,0.009157828944217678,0.3033835871343604,0
0.3498617913820147,0.0146397346638877,0.20499118577403921,0
0.3530102432823833,0.007267133433547194,0.3644572424595502,0
0.33495609701416995,0.004318470966954346,0.8569366106368256,0
0.3353276468841051,0.006160261777383004,0.5240683137850284,0
0.34375199236490217,0.0037902160001399517,0.9957647500740928,0
0.35417618722570615,0.0044533012687773335,0.9822116684213256,0
0.3342568972705465,0.0053096890383402436,1.1329375478236898,0
0.14028785236965857,0.009057758449964108,0.9630790923267089,0
0.17905063908142882,0.016933244168167973,0.7421457940427189,0
0.1378953419075813,0.010614383775680507,1.241090030108824,0
0.25959905966111335,0.005462523995171207,1.2207231011359807,0
0.3076908346598972,0.0069672177858444385,0.8581011164916039,0
0.31880509776259824,0.005433146058933243,1.4709313625068419,0
0.3346910806489829,0.006481248090228022,1.341049189264655,0
0.3298652408487104,0.016145267368531578,1.1244720474254821,0
0.34192946180223655,0.008071414814820762,1.9299263488074458,0
0.34028867809419694,0.010453736490710304,1.7455538177625276,0
0.3411855334629166,0.008172259954032474,1.558992767780668,0
0.3291815991981048,0.011505347386178203,0.9695705388861613,0
0.3328046457453181,0.008064561016132572,0.9917695509528383,0
0.3353558994330416,0.009846096239055333,0.6689549394555567,0
0.3280878882910605,0.007305396260818579,0.8168133961343385,0
0.3310585698113241,0.008698636237928518,0.5952747429839506,0
0.3175780187860947,0.01187479352554534,0.6937383349718056,0
0.3268215642765083,0.011277649966414838,0.3650335114377647,0
0.3093127287345783,0.013207939782757729,0.7897822082608873,0
0.3294404645146205,0.010673988851099412,-0.4089471829075503,0
0.3221015681230982,0.01485075803713947,-0.5552346568700918,0
0.32591092849886416,0.017029921008758983,-0.55764738702422,0
0.14334233186314102,0.021130513655431966,-1.2189857930951251,0
0.2825088555949017,0.011097940530793942,-0.04929898511929048,0
0.32789247606790606,0.013334046630028554,0.23772430175799814,0
0.33258333246577676,0.01587118978147953,0.526883637715969,0
0.34290033809453335,0.01322305558919577,0.4939299153706027,0
0.34460460027473133,0.013371694324955148,0.41519426766314926,0
0.3363793160943071,0.00913163697703406,-0.009839517281057903,0
0.3321775358498386,0.011580632828379825,-0.2328314812864799,0
0.3253329389687515,0.012939485950292541,-1.1724798090125497,0
0.3270119420842624,0.02835642859388121,-1.6404593320805008,0
0.3318131918663647,0.019115581096722043,-1.8673007267243507,0
0.32349296699050667,0.013984489637527003,-1.5930062071272781,0
0.3311130627327379,0.015309339406070387,-2.079846823413332,0
0.32696115521125657,0.010732212359136847,-2.3571584137757693,0
0.30407516387272315,0.01003569951593333,-2.2099177973815802,0
0.2874430829195391,0.015694384311433808,-2.3686142765979388,0
0.29104365043381786,0.011093544239955242,-1.8994523269069168,0
0.29916741479078246,0.01617778611816338,-1.4820949063869546,0
0.3077951670514698,0.021553655948908606,-1.5560679665799615,0
0.29703161941626177,0.011548490624023978,-1.3520391824508426,0
0.3122425954358982,0.011313514757426498,-1.751962322790924,0
0.30656623195503985,0.016247349284607908,-1.4997829766297595,0
0.3170276425523505,0.04281832915438899,-1.7080669013190983,0
0.30881583669561624,0.05672696939992501,-1.6100330350253549,0
0.30969336577804496,0.018997977025176145,-1.8124108068190772,0
0.3066202563298728,0.028449389242686043,-1.745707737576962,0
0.3081188959105376,0.014101520112408616,-1.6850526845009013,0
0.30681051114992336,0.020719268281954053,-1.9005357845692696,0
0.30819864722999657,0.01542543151054483,-1.4801004334531742,0
0.3127671180260472,0.01544807652112825,-1.5777639058801767,0
0.31868547360509325,0.016017337592811442,-1.5934586335422627,0
0.3152403717002664,0.013323721759411052,-1.509549482438895,0
0.3192523096085668,0.011862904642813563,-1.6713705481378638,0
0.3101966230723239,0.012080444798679126,-1.6081033512926028,0
0.30693940592559354,0.013373443072708513,-1.448227831776476,0
0.3147259972954987,0.024867436685122382,-1.6926990888637272,0
0.31686166842010627,0.012510574153166046,-1.727967157399406,0
0.3121565053417644,0.017563882473117163,-1.7732308045871024,0
0.30715401585661856,0.01609887667541699,-1.5664019842202146,0
0.3058087234173091,0.011881673731574107,-1.5921112210952124,0
0.27888719639365644,0.009914403672307339,-1.5594886284048115,0
0.2908322642510812,0.009628119142264682,-1.5069950643541201,0
0.3013121270254696,0.01040145936832016,-1.5847763713652199,0
0.3036415542020271,0.011795764036674759,-1.467419038096944,0
0.30027679289030995,0.01200584157597112,-1.5280456953673145,0
0.31653061977202074,0.013668383616727479,-1.4411750773655652,0
0.292080812531751,0.012874800514074176,-1.3896261283446933,0
0.2977200607436832,0.015632536841693027,-1.5889344196949493,0
0.3009036191790096,0.028302962346147816,-1.2626944146499446,0
0.25791811460637365,0.03049544002584848,-1.4972967219747857,0
0.2703113034985263,0.01779721626528536,-1.4857831631243614,0
0.28630358194180605,0.036238907336897906,-1.2022663447493487,0
0.29229095001369043,0.017382178934992852,-1.2907495278631806,0
0.2902861084586914,0.016465237335983776,-1.3259091079328376,0
0.28741109567128165,0.027530212660579513,-1.3371811210004307,0
0.30195839376104966,0.028550076078129854,-1.694810888925857,0
0.29515202739061075,0.033873842673438986,-1.5103905778796203,0
0.29891896222702175,0.053602537654899474,-1.50020018270916,0
0.3100202475466395,0.04325171688494473,-1.4339274357328737,0
0.3005310515900128,0.08616029237241223,-1.136795710029765,0
0.3017312791978093,0.06864596221158412,-1.3498268164942635,0
0.2970152935421875,0.0670082331931196,-1.4746231062314392,0
0.3013038304322911,0.012284736649228552,-1.4319319983189367,0
0.2939385120388138,0.016280862022938294,-1.5309836945022643,0
0.2632983157779159,0.016075239826914486,-1.9783561042848978,0
0.29399142160222214,0.015519248389340183,-1.614728494078899,0
0.2955492533360256,0.023398274552138047,-1.5964391600519892,0
0.30157440988976236,0.11331824117897506,-1.5154857772113632,0
0.30283796065151203,0.13597700383588657,-1.6896956623677393,0
0.2977462515176194,0.09441913737704336,-1.4540176122537443,0
0.29704852584293606,0.09046610077620568,-1.2820677059145527,0
0.3037335165037622,0.07398162737081576,-1.4807837981079919,0
0.3033284311148963,0.0717087048059106,-1.559618407238041,0
0.2947184223793087,0.09059871298041373,-1.54274692752721,0
0.3104879996458418,0.06260080966199795,-1.0973020669769098,0
0.2923688013169403,0.04994961144006196,-1.647855075872262,0
0.2911160158652076,0.06508529333281833,-1.5544605045149376,0
0.30045749465382465,0.06683138425140152,-1.3916839335280762,0
0.2959242091019712,0.054378890277784434,-1.433761603528066,0
0.2910945145104846,0.04260897840380394,-1.4155766165113057,0
0.23440394607022494,0.10557958576449979,-2.1584067769290463,0
0.2208356037765263,0.06676473387623601,-2.3278277214375045,0
0.2816495618549099,0.03756686435497043,-1.445276734055589,0
0.27778040658442116,0.019201832253259665,-1.6662224335456632,0
0.2911257915004605,0.0674454517258308,-1.2966687072458551,0
0.28839172453632167,0.03349560389953666,-1.5609720351909424,0
0.29211865064480746,0.017974442763706116,-1.3500255429922876,0
0.2990528792281566,0.03375900766435728,-1.3551672358307956,0
0.311410339589683,0.01696313828077372,-1.5633238673633452,0
0.31888381347954264,0.14222292281348461,-1.3166453643658704,0
0.305046181200036,0.08432843545410239,-1.280970548164889,0
0.29678126857885956,0.024257248387429063,-1.1940753631154077,0
0.30855493771668174,0.01760650852016354,-1.3041248073257758,0
0.3034796130635438,0.025192397623654748,-1.2390106569714625,0
0.3092683978554743,0.15435038814720511,-1.3829929230805624,0
0.3065720080849479,0.13929172163423192,-1.4092523559368082,0
0.3095205827862372,0.11979242806027521,-1.349546291102034,0
0.317393889005261,0.1352007338717964,-1.3053271701246758,0
0.31176473681316275,0.047960278545688254,-1.4677594188515253,0
0.30687562580031835,0.07829803468698938,-1.6438625957015187,0
0.3022714607542298,0.06359118316543053,-1.429180739442132,0
0.3034292648867495,0.021175804768842593,-1.6456454252243073,0
0.2978167528292993,0.01690560152738997,-1.364096582516659,0
0.3076540290791735,0.01426123107146614,-1.484595661877591,0
0.31219418996378634,0.012474412060070576,-1.4274791083480882,0
0.3084445003245149,0.056017938028976644,-1.2963014231630368,0
0.30842428082013884,0.07668334119439706,-1.4139950374300614,0
0.3018023138218623,0.09143449698791266,-1.1976077035475232,0
0.30932905032127356,0.05578547628252884,-1.249918670068746,0
0.31369850734959903,0.02443961918088487,-1.4846773328444884,0
0.3093589806660565,0.01025378991080575,-1.0924251889990069,0
0.2513402234780715,0.04362462557022325,-1.5371995056732055,0
0.2890891750166285,0.09463556662563828,-0.6035228527470914,0
0.29869930240730624,0.07908631122968054,-0.7274041230030078,0
0.31353884990609027,0.11238534544242271,-0.5746149055825058,0
0.31452774570377917,0.0525200704243712,-0.8125463590865938,0
0.3231827171477133,0.058804180477966976,-0.9855777904393485,0
0.3186197904176951,0.052827963226212964,-1.1886828335470447,0
0.326515459374921,0.08166361027035421,-1.2740046371120066,0
0.32584001572777554,0.05511319659029484,-1.4322029278363657,0
0.32577533040820095,0.056414435091215215,-1.034413027334564,0
0.32315646923568003,0.06469594921251949,-1.0681569308319263,0
0.3119174193923911,0.08272495902433383,-1.1707491394531722,0
0.3123340639003591,0.08205710926392304,-1.4280001631668895,0
0.31752053507857025,0.10374694280461644,-1.053550431686303,0
0.3117131148376555,0.08872678620287966,-1.2695654250676083,0
0.31200418078802494,0.03858366434940839,-1.2630699401762708,0
0.2443815348201494,0.0708535735829166,-1.4654983626179436,0
0.2852214829927571,0.04702154751313019,-1.5543753043867612,0
0.299371985175686,0.05593888878078348,-1.3572445089272602,0
0.3015093325202365,0.08106669685198593,-1.415040891056972,0
0.31076823232836603,0.09120722821496641,-1.5284476381390122,0
0.30879184835859824,0.07308367528192561,-1.458391774359232,0
0.3118010137709267,0.05235196138416393,-1.2843129324733744,0
0.31244193436817536,0.1044769321555916,-1.5167063203912199,0
0.311257292138902,0.08664412013683795,-1.5438435474192835,0
0.3047231124063828,0.06803104753029147,-1.5275186151704379,0
0.3144750032587915,0.0992115081105098,-1.3130430780709064,0
0.31580588083847805,0.08241321599545902,-1.0886710356323022,0
0.30766274914862546,0.09694020022147494,-1.3275839847576143,0
0.29825512586834707,0.09267681929911888,-1.4713321886241175,0
0.2848913344676784,0.10963976998763623,-1.6305864426105292,0
0.3106590013667415,0.11250339161482724,-1.5895910520775725,0
0.30757031382696703,0.0771122542756657,-1.40685667466726,0
0.3015819715010307,0.10296877807191304,-1.6822292145078943,0
0.19303498446618783,0.08331660274596223,-1.2588369381692746,0
0.18278208610682434,0.10931295233188949,-1.694319752879822,0
0.24147048196479848,0.08141866590739318,-1.6098553867164536,0
0.2968812705822734,0.10930856942076543,-1.0890117292010943,0
0.3114802342417698,0.079167596071013,-1.2449535230248103,0
0.30615684402229065,0.05970054604414356,-0.9810469659986235,0
0.3242078799891689,0.039060150837271615,-1.2480858038448006,0
0.3179290602632333,0.051756171887967634,-1.3777170588061005,0
0.3124247992819719,0.07381378208099729,-1.5499485597784102,0
0.3134708753664819,0.03901634461960731,-1.2889893716413015,0
0.320349087292225,0.07989329295021544,-1.450246127854319,0
0.33092997405234337,0.06546112538564793,-1.4713015390160689,0
0.3242315327979716,0.07017017473644928,-1.3224412005924036,0
0.3095256821480836,0.05804930292930573,-1.3233730597684883,0
0.31254845756566374,0.013736940007908253,-0.27335797482070245,1
0.2405886819810519,0.011232614320415384,-0.3852707129253979,1
0.11339625674933934,0.014621080484750621,-0.7867623569275014,1
0.07121976891650647,0.01258363207924905,-0.11644322974672565,1
0.04417388040764163,0.014640250701048992,0.0990499535634844,1
0.028994471512630984,0.011481341665385707,0.15401472393105364,1
0.03357191858597176,0.01426350366973423,0.3205340280648094,1
0.044738521008591964,0.008736180003435982,0.10677973385485776,1
0.04717431169633033,0.010957535441198355,0.5606648443865933,1
0.035795369811532654,0.015252075037248222,0.17849228946381016,1
0.04002339726305017,0.010655748146440353,0.2087508427269557,1
0.04108487784272055,0.009404223881751045,0.4546542860592515,1
0.038321064005000745,0.00941191389701816,0.4698233630617231,1
0.047541551442733934,0.008885178311419632,0.35821557006941307,1
0.03788972407670294,0.007960127296501794,0.3598934237815337,1
0.03121552780316188,0.015516195885216286,0.27597425474015613,1
0.035731948768300686,0.015751893291999598,-0.0796117765622242,1
0.034871945481706426,0.01414191566702447,-0.021481856851935335,1
0.03871887146874799,0.011099470927381418,0.34863608671340496,1
0.0646502132571993,0.011115661579002291,-0.13165978103670808,1
0.035709063124095775,0.010218722849628771,-0.22041239360075768,1
0.038254343033577234,0.007752028809152955,-0.1779121265408012,1
0.029039030923956998,0.010863234946277783,-0.46835094159676277,1
0.02945760161210461,0.008141421705168824,-1.5732513777774975,1
0.052200326340668894,0.012007236007236053,-2.2615556850321963,1
0.04792465226935079,0.014891159807321887,-4.495830163547,1
0.06283920792628991,0.023253592889914722,-7.645804583306143,1
0.07779164803414276,0.04182377171498855,-10.321475088527853,1
0.08974424010773588,0.0266742744353882,-16.209792490876794,1
0.09659135450490913,0.022923944005377003,-19.53951332178576,1
0.12846640218747515,0.011555457093008037,-26.664447699344162,1
0.15404789897664575,0.02113462843605531,-29.271938949367904,1
0.14297635095701233,0.013665030164447376,-31.340517358767247,1
0.18034960383964296,0.011024372720015194,-28.397028479210256,1
0.22105158973824285,0.009763269661983655,-27.26344582112364,1
0.2382864197915213,0.014651892363516083,-27.322052975134255,1
0.24191808810416565,0.018684823202718692,-26.586767116891924,1
0.1991725763745526,0.014543905513244915,-28.251933397503514,1
0.211646133004602,0.02168616835815945,-29.042397014945266,1
0.1943659879770432,0.023228244955465792,-29.20035984203031,1
0.19693312209304653,0.02599922142113896,-28.414415142751174,1
0.16619127357497931,0.022669100595024597,-29.015813664974104,1
0.26308336160993556,0.020156961624753156,-29.55914005303571,1
0.3958437912993497,0.020249109327216745,-32.23701201258218,1
0.4232956725492183,0.0162942015416057,-30.823632282394016,1
0.4400367079746761,0.018511500460679647,-30.863237080001806,1
0.4405123408860943,0.021898001277976094,-30.537735507927717,1
0.4292329718787743,0.026477051902463695,-31.209660631198286,1
0.42121441186198905,0.021868553441261228,-30.56705657638615,1
0.40770934467867825,0.01779137907558418,-30.33990701536644,1
0.39617937033570116,0.029313059007583415,-30.21989273569468,1
0.24935287871274514,0.026213227843417255,-27.76994687505006,1
0.19709109671919203,0.024106199008063833,-28.068825156658928,1
0.16332623026242354,0.02427442128821324,-28.839672308395706,1
0.1455599131409121,0.0215174119236538,-30.419546192359547,1
0.14658862307833362,0.014915277046378355,-28.833569084445532,1
0.11993503136822734,0.026551360439446083,-28.60591095519747,1
0.16045560530974673,0.02858636657598055,-27.053106340552738,1
0.39241070869187533,0.025720892382743128,-29.96335632749335,1
0.38295102113491447,0.022410666717727554,-29.4466827324769,1
0.36452496762022824,0.022673559538548067,-29.396586603172764,1
0.37228568658401684,0.020172675514734183,-29.566345412154085,1
0.3728687966308195,0.021901030704061474,-29.548524686759727,1
0.3401965024595153,0.021557209051567477,-29.077979876718242,1
0.25832013284044186,0.023881656129111858,-28.831993353921973,1
0.2573183853386931,0.019744101003371182,-27.892176492973142,1
0.19001724499880246,0.02041696128901859,-27.371578102296223,1
0.1267810927226861,0.03227071984979152,-27.74290769538446,1
0.11854689239694052,0.029026735305715107,-26.89619401775282,1
0.11960342025682234,0.02959721100233459,-27.55687666396955,1
0.14716605318499404,0.026566317266311725,-28.26808023688296,1
0.1574536198058766,0.023002530212424946,-29.237297216813907,1
0.15373369189769215,0.12510662249051346,-31.72905455572527,1
0.11587936004021387,0.16034405586940798,-30.576248167088277,1
0.10374400248802829,0.21797450600573937,-31.18050098027823,1
0.09707281834947742,0.24667913442603095,-29.42623088964586,1
0.08660724533534622,0.25468337527176554,-28.08424219427476,1
0.07280282697367416,0.4206093218218165,-28.11035112562443,1
0.10190030185229504,0.5972091500427146,-26.010316108331345,1
0.16111931350780978,0.5537086079969654,-24.597886369516356,1
0.1847932034660949,0.5317454106457954,-24.641029155586892,1
0.16611567600452704,0.5002535971211376,-18.988362827555033,1
0.13625718141228663,0.4077604134565533,-16.57506006710421,1
0.15353853894363098,0.42783006342044405,-13.334252713137955,1
0.44864333736805023,0.26834561269672713,-13.917726876655458,1
0.22878890944200767,0.5333253769556323,-6.488704651471416,1
0.30167177104458487,0.14581622759015045,-6.363153061666187,1
0.24039426640603606,0.20920959694182542,-5.487408745018395,1
0.27921928607547186,0.29586925232044065,-5.9419655316726585,1
0.2993909199605821,0.714902515653551,-9.742357839030493,1
0.1316412450112273,0.7561540710748815,-7.950944780146788,1
0.11873007661807963,0.7734578704171935,-9.606447635728065,1
0.07540242876210074,0.5447809743778538,-11.527537331975141,1
0.024306011779715586,0.4277371679975157,-11.569424928308939,1
0.03231733850077449,0.24395709252703265,-10.821884511469154,1
0.027034701693196418,0.21321835697986408,-8.698162236928786,1
0.03797473037193372,0.17937420623036004,-5.018674319979682,1
0.0231011841208354,0.15478335443372937,-3.3561526686479928,1
0.025383058202527328,0.14360479347620736,-2.2581667126158322,1
0.014268839478741212,0.1332494419813326,-0.9084746014034097,1
0.05548565742292477,0.14577271136906797,0.2645253558872304,1
0.04517442969929847,0.06428467947238653,1.9821360887308226,1
0.03196687355013476,0.0866526693459854,5.159679581049269,1
0.031843478148870105,0.060537487578219085,7.537726684786916,1
0.029353110690273475,0.019546056241169812,13.405045175007134,1
0.0224005844764519,0.025761732960552085,16.164247501071404,1
0.0405693348327474,0.019224393119293984,19.234138486406053,1
0.06147680265318284,0.008188523139251067,21.661898299633595,1
0.05576359983405293,0.008466805362604994,21.733156172770464,1
0.06436564928345762,0.005890094120035056,19.892007350501157,1
0.054360953530111535,0.00564496764974295,20.375450889005794,1
0.039412940179638326,0.0074001605670921,20.160861325859365,1
0.061693426121893574,0.011523303779613046,20.511528214466647,1
0.08973470566502847,0.009957325410954667,20.495706649651154,1
0.09374851592273228,0.006785824881105886,20.751781207921862,1
0.12183322773536817,0.005013111209994351,20.970186480007218,1
0.09605810788255442,0.004977892341089139,21.361114158921172,1
0.08838189795868881,0.0037268338494068597,21.78015181456648,1
0.09460604751843069,0.005689681752904593,23.112022813571237,1
0.123486315697061,0.009728135854195047,23.525888377710515,1
0.10673735920528024,0.0011459054244688136,22.95964565022743,1
0.03766738549818101,0.005160971342362843,23.055530467645283,1
0.06975116574145122,0.004278836210429222,22.503798158532067,1
0.056540647864913154,0.0056290606132752205,22.662678096483294,1
0.06058721163743802,0.003960180810728402,22.899736500545142,1
0.06003861944973659,0.009985413940663017,22.379662063609036,1
0.0506460899462209,0.004205533823876706,22.618370193014883,1
0.06906788449078428,0.0036595531670343315,22.157585482222174,1
0.0741812765403613,0.006340690795190722,21.688860685265865,1
0.05864879693059627,0.005093659928696856,22.22229026630209,1
0.050423619032329385,0.004177091510678742,21.648425170121847,1
0.04660285021205804,0.003983757128692475,21.458749412775735,1
0.039381434964295095,0.005583452443546169,20.630802744383164,1
0.06477725068016296,0.005114549538746215,20.76105244418684,1
0.2685639558575764,0.0067538439886566815,20.095876886429554,1
0.2865541365391321,0.005660167273004576,19.622822328124965,1
0.286760326956247,0.006430003065011043,19.21075766558371,1
0.24922505302225523,0.004131320245422897,19.1727446824855,1
0.22973949670790883,0.003891634542580153,19.219692715066927,1
0.2477338951861543,0.0066512225264118595,19.97086773144341,1
0.17589782844127294,0.003630981729179077,19.58215703988302,1
0.1254969119648534,0.006436209746607352,19.548731908183516,1
0.0990975448889482,0.010908161250384974,19.497793231886206,1
0.07819158674226952,0.005868023546762902,19.63948853517111,1
0.06270445284760233,0.009856978157229695,20.047487313588515,1
0.07521751363327102,0.008028729420742392,19.601698363521315,1
0.09039804487223162,0.005536297460128415,19.57141366116948,1
0.06184541943693894,0.004661730115378322,19.764604895616742,1
0.044996852008350866,0.007018099405520051,19.778974507765486,1
0.040835511983346465,0.0065232459010835546,19.866524989353408,1
0.06404716679424262,0.007286891856230181,19.253908877628753,1
0.0606162587157754,0.006949605851070192,19.66654702043813,1
0.03667932570060902,0.005875186356085213,19.7516076928144,1
0.03470638901447776,0.005374019385467731,19.927371584048913,1
0.04857587945397368,0.005108041782362773,20.20028175086175,1
0.03138645049709268,0.0065955360670889515,20.007733145276596,1
0.02619867799495778,0.008103404400914317,19.941130167823406,1
0.030446812829706703,0.006260676210781741,19.850103449028328,1
0.043193979345577324,0.007087337391763557,19.835730198931454,1
0.03207689638851165,0.0055113827154204,19.623575260792318,1
0.04086941168558135,0.0052709252319012795,19.7600609308771,1
0.03724374246903934,0.006480887050313132,19.82299242005699,1
0.053651068775573824,0.006458523536738935,20.232941354917987,1
0.05080319500882008,0.007059268950570354,20.006159930041438,1
0.04282459704324,0.010711138351698412,19.502352920064034,1
0.06278557148648228,0.004852321607023749,18.794399388326177,1
0.03557576370654489,0.004645339819796915,19.276106807943613,1
0.06591457667361607,0.004803992880492745,19.197675592841815,1
0.04536482101313921,0.005789885630571738,18.250273618794406,1
0.03848933092603599,0.00874922105100143,15.723239207216917,1
